# Cloudflare Pages Redirects
# Generated: 2026-01-10T00:30:00.000Z
# Total redirects: 336

# Format: <from> <to> <status>
# Status: 301 = Permanent redirect (SEO-friendly)

# ========================================
# Books (WordPress → Astro): 143 redirects
# ========================================

/una-edad-dificil-de-anna-starobinets/ /es/libros/una-edad-dificil-de-anna-starobinets/ 301
/el-coleccionista-de-relojes-extraordinarios-de-laura-gallego/ /es/libros/el-coleccionista-de-relojes-extraordinarios-de-laura-gallego/ 301
/tienes-hasta-las-10-de-francisco-castro/ /es/libros/tienes-hasta-las-10-de-francisco-castro/ 301
/los-guardianes-de-la-historia-de-elisabetta-cametti/ /es/libros/los-guardianes-de-la-historia-de-elisabetta-cametti/ 301
/la-casa-de-la-muerte-de-r-l-stine/ /es/libros/la-casa-de-la-muerte-de-r-l-stine/ 301
/buenos-presagios-de-neil-gaiman-y-terry-pratchett/ /es/libros/buenos-presagios-de-neil-gaiman-y-terry-pratchett/ 301
/carrie-de-stephen-king/ /es/libros/carrie-de-stephen-king/ 301
/apocalipsis-z-la-ira-de-los-justos-de-manel-loureiro/ /es/libros/apocalipsis-z-la-ira-de-los-justos-de-manel-loureiro/ 301
/retorno-a-a-isla-blanca-de-laura-gallego/ /es/libros/retorno-a-a-isla-blanca-de-laura-gallego/ 301
/oscuro-de-teo-rodriguez/ /es/libros/oscuro-de-teo-rodriguez/ 301
/la-semilla-del-diablo-de-ira-levin/ /es/libros/la-semilla-del-diablo-de-ira-levin/ 301
/fulgor-de-manel-loureiro/ /es/libros/fulgor-de-manel-loureiro/ 301
/la-tumba-maldita-de-christian-jacq/ /es/libros/la-tumba-maldita-de-christian-jacq/ 301
/nacidos-para-correr-de-christopher-mcdougall/ /es/libros/nacidos-para-correr-de-christopher-mcdougall/ 301
/peter-pan-de-james-m-barrie/ /es/libros/peter-pan-de-james-m-barrie/ 301
/apocalipsis-z-los-dias-oscuros-de-manel-loureiro/ /es/libros/apocalipsis-z-los-dias-oscuros-de-manel-loureiro/ 301
/don-quijote-de-la-mancha-miguel-de-cervantes/ /es/libros/don-quijote-de-la-mancha-miguel-de-cervantes/ 301
/veinticuatro-horas-en-la-vida-de-una-mujer-stefan-zweig/ /es/libros/veinticuatro-horas-en-la-vida-de-una-mujer-stefan-zweig/ 301
/el-club-de-la-lucha-de-chuck-palahniuk/ /es/libros/el-club-de-la-lucha-de-chuck-palahniuk/ 301
/flashforward-de-robert-j-sawyer/ /es/libros/flashforward-de-robert-j-sawyer/ 301
/harry-potter-y-el-prisionero-de-azkaban-j-k-rowling/ /es/libros/harry-potter-y-el-prisionero-de-azkaban-j-k-rowling/ 301
/el-extrano-caso-del-dr-jekyll-y-mr-hyde-de-robert-louis-stevenson/ /es/libros/el-extrano-caso-del-dr-jekyll-y-mr-hyde-de-robert-louis-stevenson/ 301
/todo-esto-te-dare-de-dolores-redondo/ /es/libros/todo-esto-te-dare-de-dolores-redondo/ 301
/las-hijas-de-tara-de-laura-gallego/ /es/libros/las-hijas-de-tara-de-laura-gallego/ 301
/revival-de-stephen-king/ /es/libros/revival-de-stephen-king/ 301
/el-curioso-caso-de-benjamin-button-de-f-scott-fitzgerald/ /es/libros/el-curioso-caso-de-benjamin-button-de-f-scott-fitzgerald/ 301
/los-anos-de-peregrinacion-del-chico-sin-color-de-haruki-murakami/ /es/libros/los-anos-de-peregrinacion-del-chico-sin-color-de-haruki-murakami/ 301
/el-exorcista-de-william-peter-blatty/ /es/libros/el-exorcista-de-william-peter-blatty/ 301
/soy-leyenda-de-richard-matheson/ /es/libros/soy-leyenda-de-richard-matheson/ 301
/las-brujas-de-roald-dahl/ /es/libros/las-brujas-de-roald-dahl/ 301
/luces-en-el-mar-de-miquel-reina/ /es/libros/luces-en-el-mar-de-miquel-reina/ 301
/suenan-los-androides-con-ovejas-electricas-de-philip-k-dick/ /es/libros/suenan-los-androides-con-ovejas-electricas-de-philip-k-dick/ 301
/el-silencio-de-la-ciudad-blanca-eva-garcia-saenz-de-urturi/ /es/libros/el-silencio-de-la-ciudad-blanca-eva-garcia-saenz-de-urturi/ 301
/eden-interrumpido-de-carlos-sisi/ /es/libros/eden-interrumpido-de-carlos-sisi/ 301
/apocalipsis-de-stephen-king/ /es/libros/apocalipsis-de-stephen-king/ 301
/ponte-en-forma-en-9-semanas-y-media-de-juan-rallo/ /es/libros/ponte-en-forma-en-9-semanas-y-media-de-juan-rallo/ 301
/el-valle-de-los-lobos-de-laura-gallego/ /es/libros/el-valle-de-los-lobos-de-laura-gallego/ 301
/1984-de-george-orwell/ /es/libros/1984-de-george-orwell/ 301
/niebla-de-miguel-de-unamuno/ /es/libros/niebla-de-miguel-de-unamuno/ 301
/harry-potter-y-el-caliz-de-fuego-j-k-rowling/ /es/libros/harry-potter-y-el-caliz-de-fuego-j-k-rowling/ 301
/harry-potter-y-la-camara-secreta-de-j-k-rowling/ /es/libros/harry-potter-y-la-camara-secreta-de-j-k-rowling/ 301
/blancanieves-de-jacob-y-wilhelm-grimm/ /es/libros/blancanieves-de-jacob-y-wilhelm-grimm/ 301
/leal-de-veronica-roth/ /es/libros/leal-de-veronica-roth/ 301
/alicia-en-el-pais-de-las-maravillas-lewis-carroll-edicion-conmemorativa/ /es/libros/alicia-en-el-pais-de-las-maravillas-lewis-carroll-edicion-conmemorativa/ 301
/el-umbral-de-la-noche-stephen-king/ /es/libros/el-umbral-de-la-noche-stephen-king/ 301
/los-crimenes-de-la-rue-morgue-y-otros-de-edgar-allan-poe/ /es/libros/los-crimenes-de-la-rue-morgue-y-otros-de-edgar-allan-poe/ 301
/no-se-donde-esta-el-limite-pero-si-se-donde-no-esta-de-josef-ajram/ /es/libros/no-se-donde-esta-el-limite-pero-si-se-donde-no-esta-de-josef-ajram/ 301
/la-guerra-civil-contada-a-los-jovenes-de-arturo-perez-reverte/ /es/libros/la-guerra-civil-contada-a-los-jovenes-de-arturo-perez-reverte/ 301
/de-que-hablo-cuando-hablo-de-correr-de-haruki-murakami/ /es/libros/de-que-hablo-cuando-hablo-de-correr-de-haruki-murakami/ 301
/yo-no-la-mate-de-fernando-trujillo/ /es/libros/yo-no-la-mate-de-fernando-trujillo/ 301
/la-mujer-de-negro-de-susan-hill/ /es/libros/la-mujer-de-negro-de-susan-hill/ 301
/un-dia-en-horrorlandia-de-r-l-stine/ /es/libros/un-dia-en-horrorlandia-de-r-l-stine/ 301
/donde-esta-el-limite-de-josef-ajram/ /es/libros/donde-esta-el-limite-de-josef-ajram/ 301
/un-monstruo-viene-a-verme-de-patrick-ness/ /es/libros/un-monstruo-viene-a-verme-de-patrick-ness/ 301
/el-zorro-de-isabel-allende/ /es/libros/el-zorro-de-isabel-allende/ 301
/un-mundo-feliz-de-aldous-huxley/ /es/libros/un-mundo-feliz-de-aldous-huxley/ 301
/divergente-de-veronica-roth/ /es/libros/divergente-de-veronica-roth/ 301
/cuentos-inconclusos-de-numenor-y-la-tierra-media-de-john-ronald-reuel-tolkien/ /es/libros/cuentos-inconclusos-de-numenor-y-la-tierra-media-de-john-ronald-reuel-tolkien/ 301
/el-principito-de-antoine-de-saint-exupery/ /es/libros/el-principito-de-antoine-de-saint-exupery/ 301
/la-metamorfosis-de-franz-kafka/ /es/libros/la-metamorfosis-de-franz-kafka/ 301
/el-resplandor-de-stephen-king/ /es/libros/el-resplandor-de-stephen-king/ 301
/circulos-infernales-de-aa-vv/ /es/libros/circulos-infernales-de-aa-vv/ 301
/el-diario-de-bridget-jones-de-helen-fielding/ /es/libros/el-diario-de-bridget-jones-de-helen-fielding/ 301
/la-sombra-del-viento-de-carlos-ruiz-zafon/ /es/libros/la-sombra-del-viento-de-carlos-ruiz-zafon/ 301
/el-hombre-invisible-de-h-g-wells/ /es/libros/el-hombre-invisible-de-h-g-wells/ 301
/la-maldicion-del-maestro-de-laura-gallego/ /es/libros/la-maldicion-del-maestro-de-laura-gallego/ 301
/novela-de-ajedrez-de-stefan-zweig/ /es/libros/novela-de-ajedrez-de-stefan-zweig/ 301
/el-ciclo-del-hombre-lobo-de-stephen-king/ /es/libros/el-ciclo-del-hombre-lobo-de-stephen-king/ 301
/diez-negritos-de-agatha-christie/ /es/libros/diez-negritos-de-agatha-christie/ 301
/el-horror-de-dunwich-de-h-p-lovecraft/ /es/libros/el-horror-de-dunwich-de-h-p-lovecraft/ 301
/el-conde-de-montecristo-de-alexandre-dumas/ /es/libros/el-conde-de-montecristo-de-alexandre-dumas/ 301
/mind-the-gap-de-nacho-iribarnegaray/ /es/libros/mind-the-gap-de-nacho-iribarnegaray/ 301
/el-vampiro-de-john-william-polidori/ /es/libros/el-vampiro-de-john-william-polidori/ 301
/el-gran-gatsby-de-francis-scott-fitzgerald/ /es/libros/el-gran-gatsby-de-francis-scott-fitzgerald/ 301
/la-casa-del-crepusculo-de-laura-gallego/ /es/libros/la-casa-del-crepusculo-de-laura-gallego/ 301
/el-retorno-del-rey-de-john-ronald-reuel-tolkien/ /es/libros/el-retorno-del-rey-de-john-ronald-reuel-tolkien/ 301
/momo-de-michael-ende/ /es/libros/momo-de-michael-ende/ 301
/el-hombre-que-arreglaba-las-bicicletas-de-angel-gil-cheza/ /es/libros/el-hombre-que-arreglaba-las-bicicletas-de-angel-gil-cheza/ 301
/frankenstein-de-mary-shelley/ /es/libros/frankenstein-de-mary-shelley/ 301
/la-comunidad-del-anillo-de-john-ronald-reuel-tolkien/ /es/libros/la-comunidad-del-anillo-de-john-ronald-reuel-tolkien/ 301
/apocalipsis-z-de-manel-loureiro/ /es/libros/apocalipsis-z-de-manel-loureiro/ 301
/cyrano-de-bergerac-de-edmond-rostand/ /es/libros/cyrano-de-bergerac-de-edmond-rostand/ 301
/los-ritos-del-agua-eva-garcia-saenz-de-urturi/ /es/libros/los-ritos-del-agua-eva-garcia-saenz-de-urturi/ 301
/harry-potter-y-la-orden-del-fenix-de-j-k-rowling/ /es/libros/harry-potter-y-la-orden-del-fenix-de-j-k-rowling/ 301
/pronto-sera-de-noche-de-jesus-canadas/ /es/libros/pronto-sera-de-noche-de-jesus-canadas/ 301
/el-bosque-de-los-inocentes-de-graziella-moreno/ /es/libros/el-bosque-de-los-inocentes-de-graziella-moreno/ 301
/insurgente-de-veronica-roth/ /es/libros/insurgente-de-veronica-roth/ 301
/los-besos-en-el-pan-de-almudena-grandes/ /es/libros/los-besos-en-el-pan-de-almudena-grandes/ 301
/de-una-vida-a-otra-de-fernando-delgado/ /es/libros/de-una-vida-a-otra-de-fernando-delgado/ 301
/la-aventura-de-correr-descalzo-de-emilio-saez-soro/ /es/libros/la-aventura-de-correr-descalzo-de-emilio-saez-soro/ 301
/area-81-de-stephen-king/ /es/libros/area-81-de-stephen-king/ 301
/el-misterio-de-salems-lot-de-stephen-king/ /es/libros/el-misterio-de-salems-lot-de-stephen-king/ 301
/el-silmarillion-de-john-ronald-reuel-tolkien/ /es/libros/el-silmarillion-de-john-ronald-reuel-tolkien/ 301
/el-hobbit-de-john-ronald-reuel-tolkien/ /es/libros/el-hobbit-de-john-ronald-reuel-tolkien/ 301
/el-misterioso-caso-de-styles-agatha-christie/ /es/libros/el-misterioso-caso-de-styles-agatha-christie/ 301
/la-profecia-de-david-seltzer/ /es/libros/la-profecia-de-david-seltzer/ 301
/el-senor-de-las-moscas-william-golding/ /es/libros/el-senor-de-las-moscas-william-golding/ 301
/house-of-cards-de-michael-dobbs/ /es/libros/house-of-cards-de-michael-dobbs/ 301
/carmilla-de-joseph-sheridan-le-fanu/ /es/libros/carmilla-de-joseph-sheridan-le-fanu/ 301
/el-libro-prohibido-de-christian-jacq/ /es/libros/el-libro-prohibido-de-christian-jacq/ 301
/juego-de-tronos-de-george-r-r-martin/ /es/libros/juego-de-tronos-de-george-r-r-martin/ 301
/contra-el-viento-del-norte-de-daniel-glattauer/ /es/libros/contra-el-viento-del-norte-de-daniel-glattauer/ 301
/finis-mundi-de-laura-gallego/ /es/libros/finis-mundi-de-laura-gallego/ 301
/las-dos-torres-de-john-ronald-reuel-tolkien/ /es/libros/las-dos-torres-de-john-ronald-reuel-tolkien/ 301
/el-nino-con-el-pijama-de-rayas-de-john-boyne/ /es/libros/el-nino-con-el-pijama-de-rayas-de-john-boyne/ 301
/bajo-la-misma-estrella-de-john-green/ /es/libros/bajo-la-misma-estrella-de-john-green/ 301
/el-amante-japones-de-isabel-allende/ /es/libros/el-amante-japones-de-isabel-allende/ 301
/flores-para-algernon-de-daniel-keyes/ /es/libros/flores-para-algernon-de-daniel-keyes/ 301
/una-historia-de-la-guerra-civil-que-no-va-a-gustar-a-nadie-juan-eslava-galan/ /es/libros/una-historia-de-la-guerra-civil-que-no-va-a-gustar-a-nadie-juan-eslava-galan/ 301
/steve-jobs-la-biografia-de-walter-isaacson/ /es/libros/steve-jobs-la-biografia-de-walter-isaacson/ 301
/colegio-z-ala-este-de-ignacio-mallen/ /es/libros/colegio-z-ala-este-de-ignacio-mallen/ 301
/ojala-fuera-cierto-de-marc-levy/ /es/libros/ojala-fuera-cierto-de-marc-levy/ 301
/el-color-de-la-magia-terry-pratchett/ /es/libros/el-color-de-la-magia-terry-pratchett/ 301
/la-princesa-de-hielo-camilla-lackberg/ /es/libros/la-princesa-de-hielo-camilla-lackberg/ 301
/el-arca-de-schindler-de-thomas-keneally/ /es/libros/el-arca-de-schindler-de-thomas-keneally/ 301
/alicia-en-el-pais-de-las-maravillas-lewis-carroll/ /es/libros/alicia-en-el-pais-de-las-maravillas-lewis-carroll/ 301
/kallocaina-de-karin-boye/ /es/libros/kallocaina-de-karin-boye/ 301
/fahrenheit-451-de-ray-bradbury/ /es/libros/fahrenheit-451-de-ray-bradbury/ 301
/la-leyenda-de-sleepy-hollow-de-washington-irving/ /es/libros/la-leyenda-de-sleepy-hollow-de-washington-irving/ 301
/el-nombre-del-viento-de-patrick-rothfuss/ /es/libros/el-nombre-del-viento-de-patrick-rothfuss/ 301
/ciudad-de-hueso-de-cassandra-clare/ /es/libros/ciudad-de-hueso-de-cassandra-clare/ 301
/caja-negra-de-francisco-narla/ /es/libros/caja-negra-de-francisco-narla/ 301
/pidele-papeles-a-santa-de-simpa-martin-y-zeke-ochoa/ /es/libros/pidele-papeles-a-santa-de-simpa-martin-y-zeke-ochoa/ 301
/cosas-raras-que-se-oyen-en-las-librerias-de-jen-campbell/ /es/libros/cosas-raras-que-se-oyen-en-las-librerias-de-jen-campbell/ 301
/peligro-en-las-profundidades-de-r-l-stine/ /es/libros/peligro-en-las-profundidades-de-r-l-stine/ 301
/guerra-mundial-z-de-max-brooks/ /es/libros/guerra-mundial-z-de-max-brooks/ 301
/el-monte-de-las-animas-de-gustavo-adolfo-becquer/ /es/libros/el-monte-de-las-animas-de-gustavo-adolfo-becquer/ 301
/rabia-de-stephen-king/ /es/libros/rabia-de-stephen-king/ 301
/genesis-de-bernard-beckett/ /es/libros/genesis-de-bernard-beckett/ 301
/instrumental-de-james-rhodes/ /es/libros/instrumental-de-james-rhodes/ 301
/cuentos-de-navidad-charles-dickens/ /es/libros/cuentos-de-navidad-charles-dickens/ 301
/la-condesa-sangrienta-de-alejandra-pizarnik/ /es/libros/la-condesa-sangrienta-de-alejandra-pizarnik/ 301
/otra-vida-de-s-j-watson/ /es/libros/otra-vida-de-s-j-watson/ 301
/la-marcha-zombi-de-max-brooks/ /es/libros/la-marcha-zombi-de-max-brooks/ 301
/la-isla-de-alice-daniel-sanchez-arevalo/ /es/libros/la-isla-de-alice-daniel-sanchez-arevalo/ 301
/no-bajes-al-sotano-de-r-l-stine/ /es/libros/no-bajes-al-sotano-de-r-l-stine/ 301
/mr-mercedes-de-stephen-king/ /es/libros/mr-mercedes-de-stephen-king/ 301
/los-espantapajaros-andan-a-medianoche-de-r-l-stine/ /es/libros/los-espantapajaros-andan-a-medianoche-de-r-l-stine/ 301
/el-bunker-de-noe-de-gabri-rodenas/ /es/libros/el-bunker-de-noe-de-gabri-rodenas/ 301
/historias-minusculas-de-bettie-pathway/ /es/libros/historias-minusculas-de-bettie-pathway/ 301
/la-ladrona-de-libros-de-markus-zusak/ /es/libros/la-ladrona-de-libros-de-markus-zusak/ 301
/el-fantasma-de-canterville-de-oscar-wilde/ /es/libros/el-fantasma-de-canterville-de-oscar-wilde/ 301
/harry-potter-y-la-piedra-filosofal-de-j-k-rowling/ /es/libros/harry-potter-y-la-piedra-filosofal-de-j-k-rowling/ 301

# ========================================
# Authors: 100 redirects
# ========================================

/autor/r-l-stine/ /es/autores/r-l-stine/ 301
/autor/lewis-carroll/ /es/autores/lewis-carroll/ 301
/autor/isabel-allende/ /es/autores/isabel-allende/ 301
/autor/franz-kafka/ /es/autores/franz-kafka/ 301
/autor/walter-isaacson/ /es/autores/walter-isaacson/ 301
/autor/carlos-ruiz-zafon/ /es/autores/carlos-ruiz-zafon/ 301
/autor/cassandra-clare/ /es/autores/cassandra-clare/ 301
/autor/miguel-de-cervantes/ /es/autores/miguel-de-cervantes/ 301
/autor/jesus-canadas/ /es/autores/jesus-canadas/ 301
/autor/roald-dahl/ /es/autores/roald-dahl/ 301
/autor/anna-starobinets/ /es/autores/anna-starobinets/ 301
/autor/chuck-palahniuk/ /es/autores/chuck-palahniuk/ 301
/autor/carlos-sisi/ /es/autores/carlos-sisi/ 301
/autor/fernando-trujillo/ /es/autores/fernando-trujillo/ 301
/autor/philip-k-dick/ /es/autores/philip-k-dick/ 301
/autor/oscar-wilde/ /es/autores/oscar-wilde/ 301
/autor/miquel-reina/ /es/autores/miquel-reina/ 301
/autor/emilio-saez-soro/ /es/autores/emilio-saez-soro/ 301
/autor/daniel-sanchez-arevalo/ /es/autores/daniel-sanchez-arevalo/ 301
/autor/edgar-allan-poe/ /es/autores/edgar-allan-poe/ 301
/autor/christopher-mcdougall/ /es/autores/christopher-mcdougall/ 301
/autor/john-william-polidori/ /es/autores/john-william-polidori/ 301
/autor/john-green/ /es/autores/john-green/ 301
/autor/josef-ajram/ /es/autores/josef-ajram/ 301
/autor/bettie-pathway/ /es/autores/bettie-pathway/ 301
/autor/neil-gaiman/ /es/autores/neil-gaiman/ 301
/autor/george-orwell/ /es/autores/george-orwell/ 301
/autor/aldous-huxley/ /es/autores/aldous-huxley/ 301
/autor/francisco-castro/ /es/autores/francisco-castro/ 301
/autor/alejandra-pizarnik/ /es/autores/alejandra-pizarnik/ 301
/autor/j-k-rowling/ /es/autores/j-k-rowling/ 301
/autor/eva-garcia-saenz-de-urturi/ /es/autores/eva-garcia-saenz-de-urturi/ 301
/autor/antoine-de-saint-exupery/ /es/autores/antoine-de-saint-exupery/ 301
/autor/christian-jacq/ /es/autores/christian-jacq/ 301
/autor/hermanos-grimm/ /es/autores/hermanos-grimm/ 301
/autor/miguel-de-unamuno/ /es/autores/miguel-de-unamuno/ 301
/autor/martin-zeke-ochoa/ /es/autores/martin-zeke-ochoa/ 301
/autor/francisco-narla/ /es/autores/francisco-narla/ 301
/autor/dolores-redondo/ /es/autores/dolores-redondo/ 301
/autor/james-rhodes/ /es/autores/james-rhodes/ 301
/autor/teo-rodriguez/ /es/autores/teo-rodriguez/ 301
/autor/thomas-keneally/ /es/autores/thomas-keneally/ 301
/autor/michael-ende/ /es/autores/michael-ende/ 301
/autor/james-m-barrie/ /es/autores/james-m-barrie/ 301
/autor/max-brooks/ /es/autores/max-brooks/ 301
/autor/fernando-delgado/ /es/autores/fernando-delgado/ 301
/autor/gustavo-adolfo-becquer/ /es/autores/gustavo-adolfo-becquer/ 301
/autor/david-seltzer/ /es/autores/david-seltzer/ 301
/autor/daniel-glattauer/ /es/autores/daniel-glattauer/ 301
/autor/helen-fielding/ /es/autores/helen-fielding/ 301
/autor/juan-eslava-galan/ /es/autores/juan-eslava-galan/ 301
/autor/almudena-grandes/ /es/autores/almudena-grandes/ 301
/autor/h-g-wells/ /es/autores/h-g-wells/ 301
/autor/joseph-sheridan-le-fanu/ /es/autores/joseph-sheridan-le-fanu/ 301
/autor/ignacio-mallen/ /es/autores/ignacio-mallen/ 301
/autor/alexandre-dumas/ /es/autores/alexandre-dumas/ 301
/autor/john-boyne/ /es/autores/john-boyne/ 301
/autor/susan-hill/ /es/autores/susan-hill/ 301
/autor/f-scott-fitzgerald/ /es/autores/f-scott-fitzgerald/ 301
/autor/veronica-roth/ /es/autores/veronica-roth/ 301
/autor/haruki-murakami/ /es/autores/haruki-murakami/ 301
/autor/william-golding/ /es/autores/william-golding/ 301
/autor/washington-irving/ /es/autores/washington-irving/ 301
/autor/daniel-keyes/ /es/autores/daniel-keyes/ 301
/autor/graziella-moreno/ /es/autores/graziella-moreno/ 301
/autor/william-peter-blatty/ /es/autores/william-peter-blatty/ 301
/autor/mary-shelley/ /es/autores/mary-shelley/ 301
/autor/stephen-king/ /es/autores/stephen-king/ 301
/autor/camilla-lackberg/ /es/autores/camilla-lackberg/ 301
/autor/juan-rallo/ /es/autores/juan-rallo/ 301
/autor/j-r-r-tolkien/ /es/autores/j-r-r-tolkien/ 301
/autor/patrick-rothfuss/ /es/autores/patrick-rothfuss/ 301
/autor/edmond-rostand/ /es/autores/edmond-rostand/ 301
/autor/charles-dickens/ /es/autores/charles-dickens/ 301
/autor/michael-dobbs/ /es/autores/michael-dobbs/ 301
/autor/gabri-rodenas/ /es/autores/gabri-rodenas/ 301
/autor/aa-vv/ /es/autores/aa-vv/ 301
/autor/angel-gil-cheza/ /es/autores/angel-gil-cheza/ 301
/autor/laura-gallego/ /es/autores/laura-gallego/ 301
/autor/george-r-r-martin/ /es/autores/george-r-r-martin/ 301
/autor/bernard-beckett/ /es/autores/bernard-beckett/ 301
/autor/nacho-iribarnegaray/ /es/autores/nacho-iribarnegaray/ 301
/autor/karin-boye/ /es/autores/karin-boye/ 301
/autor/patrick-ness/ /es/autores/patrick-ness/ 301
/autor/markus-zusak/ /es/autores/markus-zusak/ 301
/autor/arturo-perez-reverte/ /es/autores/arturo-perez-reverte/ 301
/autor/jen-campbell/ /es/autores/jen-campbell/ 301
/autor/robert-j-sawyer/ /es/autores/robert-j-sawyer/ 301
/autor/marc-levy/ /es/autores/marc-levy/ 301
/autor/manel-loureiro/ /es/autores/manel-loureiro/ 301
/autor/robert-louis-stevenson/ /es/autores/robert-louis-stevenson/ 301
/autor/stefan-zweig/ /es/autores/stefan-zweig/ 301
/autor/s-j-watson/ /es/autores/s-j-watson/ 301
/autor/agatha-christie/ /es/autores/agatha-christie/ 301
/autor/ira-levin/ /es/autores/ira-levin/ 301
/autor/elisabetta-cametti/ /es/autores/elisabetta-cametti/ 301
/autor/terry-pratchett/ /es/autores/terry-pratchett/ 301
/autor/ray-bradbury/ /es/autores/ray-bradbury/ 301
/autor/h-p-lovecraft/ /es/autores/h-p-lovecraft/ 301
/autor/richard-matheson/ /es/autores/richard-matheson/ 301

# ========================================
# Publishers: 55 redirects
# ========================================

/editorial/malpaso/ /es/editoriales/malpaso/ 301
/editorial/espasa/ /es/editoriales/espasa/ 301
/editorial/books4pocket/ /es/editoriales/books4pocket/ 301
/editorial/plaza-janes/ /es/editoriales/plaza-janes/ 301
/editorial/orbis/ /es/editoriales/orbis/ 301
/editorial/gaviota/ /es/editoriales/gaviota/ 301
/editorial/club-internacional-del-libro/ /es/editoriales/club-internacional-del-libro/ 301
/editorial/debate/ /es/editoriales/debate/ 301
/editorial/anaya/ /es/editoriales/anaya/ 301
/editorial/timun-mas/ /es/editoriales/timun-mas/ 301
/editorial/valdemar/ /es/editoriales/valdemar/ 301
/editorial/molino/ /es/editoriales/molino/ 301
/editorial/b/ /es/editoriales/b/ 301
/editorial/laertes/ /es/editoriales/laertes/ 301
/editorial/planeta/ /es/editoriales/planeta/ 301
/editorial/grijalbo/ /es/editoriales/grijalbo/ 301
/editorial/alianza/ /es/editoriales/alianza/ 301
/editorial/alfaguara/ /es/editoriales/alfaguara/ 301
/editorial/autopublicado/ /es/editoriales/autopublicado/ 301
/editorial/rba/ /es/editoriales/rba/ 301
/editorial/la-factoria-de-ideas/ /es/editoriales/la-factoria-de-ideas/ 301
/editorial/circulo-rojo/ /es/editoriales/circulo-rojo/ 301
/editorial/alba/ /es/editoriales/alba/ 301
/editorial/gallo-nero-ediciones/ /es/editoriales/gallo-nero-ediciones/ 301
/editorial/nube-de-tinta/ /es/editoriales/nube-de-tinta/ 301
/editorial/el-desvan-de-tedd-y-todd/ /es/editoriales/el-desvan-de-tedd-y-todd/ 301
/editorial/literatura-random-house/ /es/editoriales/literatura-random-house/ 301
/editorial/alienta/ /es/editoriales/alienta/ 301
/editorial/acantilado/ /es/editoriales/acantilado/ 301
/editorial/austral/ /es/editoriales/austral/ 301
/editorial/gigamesh/ /es/editoriales/gigamesh/ 301
/editorial/saco-de-huesos/ /es/editoriales/saco-de-huesos/ 301
/editorial/gateway/ /es/editoriales/gateway/ 301
/editorial/salamandra/ /es/editoriales/salamandra/ 301
/editorial/ediciones-maeva/ /es/editoriales/ediciones-maeva/ 301
/editorial/desnivel/ /es/editoriales/desnivel/ 301
/editorial/dominio-publico/ /es/editoriales/dominio-publico/ 301
/editorial/nordica-libros/ /es/editoriales/nordica-libros/ 301
/editorial/libros-del-zorro-rojo/ /es/editoriales/libros-del-zorro-rojo/ 301
/editorial/penguin-clasicos/ /es/editoriales/penguin-clasicos/ 301
/editorial/suma/ /es/editoriales/suma/ 301
/editorial/booket/ /es/editoriales/booket/ 301
/editorial/minotauro/ /es/editoriales/minotauro/ 301
/editorial/punto-de-lectura/ /es/editoriales/punto-de-lectura/ 301
/editorial/tusquets/ /es/editoriales/tusquets/ 301
/editorial/roca-editorial/ /es/editoriales/roca-editorial/ 301
/editorial/debolsillo/ /es/editoriales/debolsillo/ 301
/editorial/plataforma-editorial/ /es/editoriales/plataforma-editorial/ 301
/editorial/mosaico-de-gen/ /es/editoriales/mosaico-de-gen/ 301
/editorial/proyecto-gutenberg/ /es/editoriales/proyecto-gutenberg/ 301
/editorial/ediciones-nevsky/ /es/editoriales/ediciones-nevsky/ 301
/editorial/brief/ /es/editoriales/brief/ 301
/editorial/sm/ /es/editoriales/sm/ 301
/editorial/edhasa/ /es/editoriales/edhasa/ 301
/editorial/blackie-books/ /es/editoriales/blackie-books/ 301

# ========================================
# Series: 22 redirects
# ========================================

/coleccion/harry-potter/ /es/series/harry-potter/ 301
/coleccion/el-cementerio-de-los-libros-olvidados/ /es/series/el-cementerio-de-los-libros-olvidados/ 301
/coleccion/pesadillas/ /es/series/pesadillas/ 301
/coleccion/divergente/ /es/series/divergente/ 301
/coleccion/cancion-de-hielo-y-fuego/ /es/series/cancion-de-hielo-y-fuego/ 301
/coleccion/ojala-fuera-cierto/ /es/series/ojala-fuera-cierto/ 301
/coleccion/fjallbacka/ /es/series/fjallbacka/ 301
/coleccion/trilogia-de-la-ciudad-blanca/ /es/series/trilogia-de-la-ciudad-blanca/ 301
/coleccion/bill-hodges/ /es/series/bill-hodges/ 301
/coleccion/el-resplandor/ /es/series/el-resplandor/ 301
/coleccion/alicia-en-el-pais-de-las-maravillas/ /es/series/alicia-en-el-pais-de-las-maravillas/ 301
/coleccion/cazadores-de-sombras/ /es/series/cazadores-de-sombras/ 301
/coleccion/mundodisco/ /es/series/mundodisco/ 301
/coleccion/francis-urquhart/ /es/series/francis-urquhart/ 301
/coleccion/cronicas-de-la-torre/ /es/series/cronicas-de-la-torre/ 301
/coleccion/el-senor-de-los-anillos/ /es/series/el-senor-de-los-anillos/ 301
/coleccion/apocalipsis-z/ /es/series/apocalipsis-z/ 301
/coleccion/hercules-poirot/ /es/series/hercules-poirot/ 301
/coleccion/cronica-del-asesino-de-reyes/ /es/series/cronica-del-asesino-de-reyes/ 301
/coleccion/los-misterios-de-setna/ /es/series/los-misterios-de-setna/ 301
/coleccion/contra-el-viento-del-norte/ /es/series/contra-el-viento-del-norte/ 301
/coleccion/katherine-sinclaire/ /es/series/katherine-sinclaire/ 301

# ========================================
# Challenges: 6 redirects
# ========================================

/reto-literario-2014/ /es/retos/reto-lectura-2014/ 301
/reto-literario-2017/ /es/retos/reto-lectura-2017/ 301
/reto-literario-2013/ /es/retos/reto-lectura-2013/ 301
/reto-literario-2015/ /es/retos/reto-lectura-2015/ 301
/reto-literario-2012/ /es/retos/reto-lectura-2012/ 301
/reto-literario-2016/ /es/retos/reto-lectura-2016/ 301

# ========================================
# Posts: 10 redirects
# ========================================

/libros-leidos-durante-2013/ /es/publicaciones/libros-leidos-durante-2013/ 301
/libros-leidos-durante-2016/ /es/publicaciones/libros-leidos-durante-2016/ 301
/libros-leidos-durante-2017/ /es/publicaciones/libros-leidos-durante-2017/ 301
/libros-leidos-durante-2015/ /es/publicaciones/libros-leidos-durante-2015/ 301
/libros-leidos-durante-2012/ /es/publicaciones/libros-leidos-durante-2012/ 301
/libros-leidos-durante-2014/ /es/publicaciones/libros-leidos-durante-2014/ 301
/reto-literario-stephen-king/ /es/publicaciones/reto-literario-stephen-king/ 301
/reto-literario-pesadillas/ /es/publicaciones/reto-literario-pesadillas/ 301
/reto-literario-12-meses-12-clasicos-2016/ /es/publicaciones/reto-literario-12-meses-12-clasicos-2016/ 301
/reto-literario-los-155-libros-que-debes-leer-antes-de-morir/ /es/publicaciones/reto-literario-los-155-libros-que-debes-leer-antes-de-morir/ 301
